antony,255266,12 b,9856321470,chennai
mohamed,255267,12 b,8520936741,chennai
riat,255268,12 b,9856321470,chennai
kesavan,255269,12 b,8520936741,mumbai
kandibanm,255270,12 b,9856321470,chennai
mani,255271,12 b,8520936741,delhi
manivannan,255272,12 b,9856321470,chennai
shakthi,255273,12 b,8520936741,chennai
brinda,255274,12 b,9856321470,bangalore
mrithula,255275,12 b,8520936741,bangalore
vidya,255276,12 b,9856321470,bangalore
janani,255277,12 b,9856321470,hyderabad
bhuvana,255278,12 b,8520936741,hyderabad
varsha,255279,12 b,9856321470,hyderabad
swetha,255280,12 b,8520936741,chennai
